Date_Vente,SKU,Predicted_Sales,StockOutRisk,Reorder_Quantity
2024-01-10,SP-129,1.9492036393099053,0,2.0
2025-04-16,CHE-90,2.0322938562942223,0,2.0
2024-10-05,QAM-69,2.202162285981732,0,3.0
2024-09-03,QAM-56,1.969381832140156,0,2.0
2024-05-06,LIN-113,1.981643714702934,0,2.0
2025-06-16,CHE-108,1.9928457242090372,0,2.0
2025-06-13,QAM-56,2.0044197623384568,0,2.0
2025-05-18,QAM-4,1.9808013066492374,0,2.0
2023-11-07,QAM-58,1.9874480045384662,0,2.0
2024-07-29,QAM-9,1.9718845995006553,0,2.0
2024-11-12,QAM-69,2.201243670413278,0,3.0
2023-01-25,QAM-44,2.0106093224141586,0,2.0
2023-11-10,CHE-105,2.011687799054294,0,2.0
2023-09-15,QAM-57,1.9920499424042533,0,2.0
2023-09-11,QAM-28,2.0675732820106476,0,2.0
2025-05-09,QAM-6,1.7649492948259975,0,2.0
2023-03-08,LIN-128,1.9577932951434933,0,2.0
2023-11-17,QAM-54,2.009488795793562,0,2.0
2024-02-11,QAM-38,2.0602661763663743,0,2.0
2024-11-03,QAM-70,1.983202781281266,0,2.0
2023-04-17,QAM-5,2.025061756555957,0,2.0
2023-11-15,QAM-9,1.9662562670116734,0,2.0
2023-02-20,QAM-2,2.0104450293144955,0,2.0
2024-12-23,QAM-28,2.057009027344386,0,2.0
2023-11-17,QAM-37,1.9708784276927156,0,2.0
2023-04-27,SP-135,1.9618988785140052,0,2.0
2023-11-06,CHE-99,1.9799062656614503,0,2.0
2023-06-03,QAM-42,2.0386772777221704,0,2.0
2025-04-15,QAM-47,2.0500534464662166,0,2.0
2023-10-11,QAM-43,1.9469093697708089,0,2.0
2023-06-23,QAM-27,2.0645939155081576,0,2.0
2023-12-08,QAM-74,2.202499744436113,0,3.0
2024-10-22,CHE-105,2.002500835894906,0,2.0
2024-05-14,CHE-91,1.967064570807268,0,2.0
2023-10-11,LIN-128,2.07786376213599,0,2.0
2024-10-26,QAM-39,1.9479398730668833,0,2.0
2023-06-14,QAM-43,1.9717938082960802,0,2.0
2024-10-28,SP-136,1.9138566855785049,0,2.0
2024-10-02,QAM-80,2.0056598231133185,0,2.0
2024-12-03,QAM-39,1.935695482842749,0,2.0
2024-07-06,QAM-74,2.252833567044489,0,3.0
2023-08-08,LIN-126,2.0004122646517533,0,2.0
2024-09-18,QAM-66,1.9556142477067981,0,2.0
2023-04-30,LIN-117,1.9759025728969055,0,2.0
2024-04-17,QAM-17,1.9956729636820774,0,2.0
2025-03-01,CHE-102,2.0016670814017705,0,2.0
2023-08-18,QAM-28,2.045036632930094,0,2.0
2025-03-24,QAM-72,2.003388042995271,0,2.0
2023-01-10,QAM-37,1.9818752668120085,0,2.0
2023-11-20,QAM-7,2.037299454433743,0,2.0
2023-09-24,CHE-101,1.9328057369800757,0,2.0
2023-09-26,QAM-9,1.9680156193050293,0,2.0
2023-06-25,QAM-27,2.0645939155081576,0,2.0
2024-03-09,QAM-58,1.9862874672955622,0,2.0
2023-03-16,CHE-112,1.9902625728877326,0,2.0
2024-08-15,QAM-4,1.9003577846705793,0,2.0
2024-03-03,CHE-102,1.9954520188329297,0,2.0
2023-02-12,QAM-84,1.8812085729057668,0,2.0
2024-03-01,QAM-68,2.000423153655939,0,2.0
2024-08-30,CHE-107,2.03952424689991,0,2.0
2024-11-03,QAM-42,2.1245000807947485,0,3.0
2024-09-21,QAM-62,1.9846946260065577,0,2.0
2025-06-09,QAM-35,2.050315968109512,0,2.0
2023-09-28,CHE-90,2.0106775123636806,0,2.0
2023-06-15,QAM-43,1.9717938082960802,0,2.0
2024-01-20,CHE-96,2.0241573771531365,0,2.0
2024-04-24,SP-131,1.9780799313146007,0,2.0
2024-09-21,QAM-70,2.0232954669079555,0,2.0
2023-03-04,QAM-35,2.0572374194381684,0,2.0
2024-05-09,QAM-27,2.0674300581540273,0,2.0
2024-12-24,CHE-106,2.005245521286736,0,2.0
2024-01-31,QAM-73,2.135772839344971,0,3.0
2023-09-05,CHE-99,1.977495111042364,0,2.0
2023-11-07,QAM-34,1.982746409363236,0,2.0
2023-01-31,SP-136,1.8847697575236697,0,2.0
2024-05-09,SP-129,1.9923027222501277,0,2.0
2023-10-28,CHE-103,1.8255238951509065,0,2.0
2023-11-25,QAM-38,2.152457298791988,0,3.0
2023-04-22,LIN-128,2.0014625752037105,0,2.0
2025-04-02,QAM-73,2.204490199847234,0,3.0
2024-08-11,QAM-36,1.996709399751014,0,2.0
2023-04-09,QAM-57,2.006345672064452,0,2.0
2024-06-04,QAM-63,1.9924572508573428,0,2.0
2024-12-17,QAM-38,2.13734134189351,0,3.0
2023-10-06,QAM-57,1.9928758723460172,0,2.0
2024-07-09,LIN-113,1.9909512567961765,0,2.0
2024-07-11,QAM-9,1.9718845995006553,0,2.0
2023-01-31,QAM-87,2.0104190440159506,0,2.0
2023-11-03,SP-133,1.8709469497561266,0,2.0
2024-06-02,QAM-47,2.018163027033719,0,2.0
2025-01-28,CHE-104,2.134050479328021,0,3.0
2024-03-09,QAM-14,1.9997345433688567,0,2.0
2024-11-16,QAM-25,2.032316807573261,0,2.0
2023-01-21,QAM-74,2.0629732940656655,0,2.0
2024-04-09,QAM-16,2.048867391012989,0,2.0
2024-10-04,QAM-33,2.1758122055972473,0,3.0
2025-05-11,QAM-41,1.9603180389686423,0,2.0
2024-04-12,QAM-8,1.8932170579220982,0,2.0
2024-10-27,SP-131,1.968150669830507,0,2.0
2024-04-18,LIN-120,1.9033877322512347,0,2.0
2024-10-08,QAM-17,1.9809466619267662,0,2.0
2024-02-12,LIN-124,1.9872806429114636,0,2.0
2024-09-28,QAM-79,1.9851679017963229,0,2.0
2023-01-27,QAM-46,1.9741128213161079,0,2.0
2023-04-16,LIN-119,1.9960364248193796,0,2.0
2025-04-14,CHE-93,1.9952470083180398,0,2.0
2023-11-13,CHE-97,2.0503547144683223,0,2.0
2023-08-10,QAM-47,2.024844216623581,0,2.0
2024-03-30,QAM-52,2.0299661586100486,0,2.0
2024-09-06,LIN-121,1.9104403001198844,0,2.0
2024-09-30,LIN-118,1.9796388277753814,0,2.0
2023-10-17,QAM-80,2.0273130208887786,0,2.0
2023-05-30,QAM-46,2.00792223467164,0,2.0
2024-01-26,CHE-100,2.0103595132211525,0,2.0
2023-01-29,QAM-45,2.001680371874803,0,2.0
2024-08-26,QAM-57,1.9885826697198183,0,2.0
2023-10-28,SP-132,2.021321773472646,0,2.0
2024-07-29,QAM-1,2.009534468035537,0,2.0
2023-08-10,LIN-125,1.9888822332758749,0,2.0
2024-03-12,QAM-19,1.85681426412889,0,2.0
2025-05-26,QAM-30,2.0423834583273566,0,2.0
2023-10-17,QAM-8,1.9529776762140278,0,2.0
2023-03-16,SP-135,1.939787953902139,0,2.0
2023-01-19,QAM-29,2.027114042961587,0,2.0
2023-08-16,QAM-75,1.9772882202892583,0,2.0
2025-01-16,QAM-60,1.994597804466171,0,2.0
2023-06-20,QAM-77,2.0062168655368735,0,2.0
2023-07-16,LIN-113,1.9897639345165496,0,2.0
2024-07-20,SP-131,1.974137168909538,0,2.0
2024-02-13,CHE-102,2.0025591586988147,0,2.0
2023-04-04,LIN-120,1.9002004099716077,0,2.0
2025-03-03,SP-129,1.9901743181566436,0,2.0
2023-09-19,QAM-87,1.9917917416330453,0,2.0
2023-04-28,QAM-78,1.9862778192010384,0,2.0
2024-01-16,QAM-8,1.884159867366481,0,2.0
2023-01-25,CHE-99,2.005482157528959,0,2.0
2025-05-16,QAM-33,2.228550093554381,0,3.0
2023-01-19,QAM-43,2.0076094594788443,0,2.0
2023-05-27,QAM-35,2.0004528903203553,0,2.0
2024-08-13,QAM-85,1.8525092703037935,0,2.0
2023-06-26,QAM-6,1.7555720140032673,0,2.0
2024-03-13,QAM-54,2.0453413664048172,0,2.0
2023-04-04,QAM-28,2.069356545739491,0,2.0
2023-03-14,QAM-19,1.7771786659871944,0,2.0
2023-01-26,LIN-118,2.009588038142322,0,2.0
2024-04-13,QAM-41,1.8956942569942195,0,2.0
2023-11-25,QAM-40,1.9858950806117608,0,2.0
2025-05-22,SP-136,1.936533175311236,0,2.0
2023-01-25,QAM-35,2.0673637272753944,0,2.0
2025-01-23,CHE-102,1.9991014543307457,0,2.0
2023-01-29,QAM-4,1.980165646256512,0,2.0
2024-12-30,QAM-63,1.9659853477992117,0,2.0
2023-01-12,QAM-87,2.0104190440159506,0,2.0
2023-10-01,QAM-56,1.9660276265240468,0,2.0
2023-11-14,CHE-106,1.8462246285491353,0,2.0
2023-03-11,QAM-32,1.9914717493733696,0,2.0
2025-01-10,CHE-111,1.9682663769612665,0,2.0
2024-07-02,LIN-121,1.9183360624740127,0,2.0
2025-03-23,QAM-30,2.0177953564442452,0,2.0
2025-02-05,QAM-21,2.015501247896593,0,2.0
2025-02-03,CHE-96,1.9961290258621636,0,2.0
2025-03-20,CHE-97,2.076229230445475,0,2.0
2024-10-04,QAM-6,1.9806382748905715,0,2.0
2024-01-11,QAM-44,2.0073722073775597,0,2.0
2024-02-20,CHE-89,1.9113974465624426,0,2.0
2023-01-29,QAM-42,2.178687022814511,0,3.0
2023-10-01,SP-134,1.9992852303313453,0,2.0
2025-02-26,LIN-121,2.0102183449401823,0,2.0
2025-03-12,LIN-121,2.0124347678360923,0,2.0
2024-08-02,QAM-9,1.9656105227863976,0,2.0
2024-01-25,QAM-24,2.017182226089499,0,2.0
2023-01-01,QAM-30,2.019551371041988,0,2.0
2025-05-28,QAM-80,2.0504938844540037,0,2.0
2023-10-27,CHE-102,1.9958314861321076,0,2.0
2023-02-07,QAM-82,1.9766903581323985,0,2.0
2023-12-26,QAM-45,1.970069667014095,0,2.0
2024-05-30,LIN-121,1.9866040972539878,0,2.0
2024-07-24,QAM-10,1.9713390919072313,0,2.0
2023-01-05,LIN-123,2.015120133062632,0,2.0
2025-01-27,QAM-35,2.0661235532882185,0,2.0
2025-03-24,QAM-33,2.159346986223961,0,3.0
2024-07-10,QAM-72,1.9833949601164187,0,2.0
2024-09-13,QAM-54,1.9937616169781238,0,2.0
2024-07-05,QAM-29,2.049907922397374,0,2.0
2024-05-18,CHE-101,1.9920257197021556,0,2.0
2023-03-01,QAM-11,2.001765611893828,0,2.0
2024-06-29,QAM-30,2.0278892529641115,0,2.0
2023-09-17,QAM-48,2.024256826669521,0,2.0
2025-03-23,QAM-35,2.069841344414205,0,2.0
2024-01-15,CHE-100,2.0103595132211525,0,2.0
2025-05-08,QAM-38,2.0770067351007664,0,2.0
2024-03-04,CHE-102,1.9954520188329297,0,2.0
2023-07-03,CHE-104,1.9939866998577365,0,2.0
2024-09-19,LIN-121,1.9104403001198844,0,2.0
2023-11-16,CHE-107,2.016780755313664,0,2.0
2023-06-21,SP-134,1.9935719515699828,0,2.0
2024-03-20,QAM-69,2.024254245257884,0,2.0
2024-06-28,QAM-75,1.973035602127968,0,2.0
2025-04-26,QAM-38,2.077802704324003,0,2.0
2025-03-08,CHE-89,1.9438793316814342,0,2.0
2024-07-17,QAM-79,1.9881900797674092,0,2.0
2023-03-03,CHE-104,2.119243374538209,0,3.0
2023-09-24,QAM-1,2.0282835715106264,0,2.0
2023-11-19,QAM-72,1.9860999609607703,0,2.0
2024-04-05,QAM-39,2.0034327227903557,0,2.0
2024-11-21,QAM-38,2.097887434349861,0,3.0
2023-07-25,CHE-101,1.9839394406545896,0,2.0
2025-04-03,QAM-68,2.0225617126178523,0,2.0
2024-10-22,QAM-26,1.9150369763569974,0,2.0
2025-04-07,QAM-47,2.0500534464662166,0,2.0
2023-02-12,QAM-58,1.9968769006096223,0,2.0
2024-12-07,QAM-10,1.958405426213379,0,2.0
2023-07-02,CHE-111,2.0142646859478552,0,2.0
2023-08-11,SP-133,1.8899413176917752,0,2.0
2024-01-26,QAM-1,2.0164909128783197,0,2.0
2023-06-18,QAM-23,1.8561315838789674,0,2.0
2024-01-22,LIN-113,2.0101746407868344,0,2.0
2023-10-29,CHE-102,1.9958314861321076,0,2.0
2025-04-16,QAM-6,1.7664043399125275,0,2.0
2023-09-01,LIN-124,2.0019452145943597,0,2.0
2024-10-13,QAM-24,1.9811148843696658,0,2.0
2024-11-18,QAM-86,1.9360000715348022,0,2.0
2023-03-24,LIN-119,1.9881373467793646,0,2.0
2025-01-17,CHE-96,1.9969251903543983,0,2.0
2024-01-06,QAM-34,1.9665807472026284,0,2.0
2024-05-13,QAM-41,1.9986707695892483,0,2.0
2024-10-11,CHE-104,2.000251632989241,0,2.0
2023-12-09,QAM-33,2.057155209787764,0,2.0
2024-05-05,QAM-82,1.9442182914796253,0,2.0
2025-05-28,LIN-128,2.081230638015954,0,2.0
2025-01-05,LIN-114,2.101752349768388,0,3.0
2024-10-02,QAM-64,2.031801869487229,0,2.0
2025-04-02,CHE-107,2.065880522038842,0,2.0
2024-06-14,LIN-125,1.9807235160757506,0,2.0
2024-12-23,QAM-71,1.9862663114198096,0,2.0
2024-07-12,QAM-12,2.0645342945243312,0,2.0
2025-04-08,SP-135,2.025759532142446,0,2.0
2023-06-09,SP-134,1.9935719515699828,0,2.0
2024-06-24,QAM-9,1.9764158643053296,0,2.0
2024-04-26,QAM-78,1.9842467506760675,0,2.0
2024-07-18,QAM-55,1.9792275037486768,0,2.0
2024-01-21,CHE-111,1.9862896103792567,0,2.0
2024-11-16,LIN-120,1.9343307083696837,0,2.0
2025-01-07,QAM-67,2.0096248946341797,0,2.0
2025-04-19,QAM-8,1.9160142183871982,0,2.0
2024-05-21,QAM-35,2.026755155128718,0,2.0
2024-02-16,QAM-55,1.9981242856275854,0,2.0
2025-04-14,QAM-57,2.022268014004581,0,2.0
2023-12-29,QAM-54,1.9990152938651535,0,2.0
2023-12-15,QAM-64,2.019980787592047,0,2.0
2023-09-02,QAM-68,2.042422859215898,0,2.0
2024-12-27,CHE-105,2.027016304970521,0,2.0
2024-12-24,CHE-104,2.0172327564341375,0,2.0
2024-12-02,QAM-19,1.7684343328422756,0,2.0
2023-04-13,CHE-108,1.9880726139204918,0,2.0
2023-09-22,CHE-111,1.9994591072733414,0,2.0
2025-03-20,SP-136,1.8881321846165569,0,2.0
2025-03-05,QAM-54,2.057092901259208,0,2.0
2023-02-23,QAM-66,1.9742954584393622,0,2.0
2024-07-17,QAM-15,1.9771018597213266,0,2.0
2023-03-31,QAM-77,2.0113088532262524,0,2.0
2023-09-23,QAM-47,2.0214294487000855,0,2.0
2025-04-24,QAM-42,2.207953940814501,0,3.0
2023-08-26,CHE-96,1.9975578919427628,0,2.0
2023-11-27,CHE-110,1.9953174465146222,0,2.0
2024-01-19,QAM-81,1.9966844336965521,0,2.0
2023-08-03,CHE-111,2.0134460718174205,0,2.0
2023-03-10,CHE-111,1.9953358278401883,0,2.0
2023-01-09,SP-133,1.9264283815205006,0,2.0
2023-09-16,QAM-50,1.8932895623778843,0,2.0
2023-06-10,QAM-54,2.023698814587348,0,2.0
2024-11-26,QAM-10,1.958342311980171,0,2.0
2023-02-18,SP-130,1.9633068517454262,0,2.0
2024-11-21,QAM-60,1.9799290783825771,0,2.0
2024-07-16,QAM-25,2.013041633130143,0,2.0
2023-04-30,QAM-86,1.949755821547268,0,2.0
2024-06-02,QAM-81,1.9771969279977197,0,2.0
2024-08-21,LIN-120,1.9008530393164664,0,2.0
2024-02-01,QAM-50,1.889590574072149,0,2.0
2024-01-30,SP-131,1.9598804271781511,0,2.0
2023-01-08,LIN-128,2.011422982058522,0,2.0
2024-11-16,SP-135,2.010380565379873,0,2.0
2024-01-13,CHE-89,1.907362999800398,0,2.0
2024-08-28,CHE-101,1.974306170415361,0,2.0
2023-03-09,QAM-74,2.054463095048092,0,2.0
2023-04-17,QAM-64,2.0777496581742305,0,2.0
2024-09-26,CHE-102,1.9916818515024408,0,2.0
2024-06-29,CHE-101,2.000406098068095,0,2.0
2024-01-19,LIN-128,2.0350500911598544,0,2.0
2024-06-23,QAM-58,1.9942742684987893,0,2.0
2025-02-10,QAM-5,2.0199889719120447,0,2.0
2023-05-17,CHE-109,1.9736013121757165,0,2.0
2023-08-27,CHE-96,1.9975578919427628,0,2.0
2025-02-27,QAM-1,2.010945487821552,0,2.0
2024-06-24,CHE-103,1.5733532619298354,0,2.0
2023-03-06,CHE-103,1.8883307801041074,0,2.0
2024-01-08,QAM-35,2.0641266122387956,0,2.0
2024-04-05,LIN-119,1.9940053562944087,0,2.0
2024-01-30,QAM-88,1.877469058579379,0,2.0
2023-06-13,LIN-114,2.085930828892311,0,3.0
2023-07-15,CHE-111,2.0142646859478552,0,2.0
2025-01-18,SP-130,2.00509529405966,0,2.0
2024-06-24,QAM-71,1.9975713624200986,0,2.0
2023-09-21,CHE-98,2.586243685477028,0,3.0
2023-12-30,QAM-1,2.044017370429888,0,2.0
2024-11-16,CHE-105,2.0108679346121665,0,2.0
2023-01-03,QAM-55,2.006902492602623,0,2.0
2025-03-23,QAM-32,2.009075674349406,0,2.0
2024-05-12,QAM-18,2.0024075836643305,0,2.0
2023-04-13,SP-130,2.0096277811108645,0,2.0
2023-02-11,QAM-61,2.005323976682917,0,2.0
2024-04-09,QAM-88,1.828475152978548,0,2.0
2023-02-10,LIN-123,1.9984710838548019,0,2.0
2024-07-23,QAM-47,2.013631762229045,0,2.0
2023-12-10,QAM-65,1.9591031551175135,0,2.0
2023-11-13,QAM-36,2.020628953500099,0,2.0
2023-02-10,CHE-103,1.5395382549231729,0,2.0
2025-05-18,CHE-103,1.4960163547761127,0,2.0
2024-06-07,SP-135,2.045899858750816,0,2.0
2023-12-26,QAM-38,2.1619112063356374,0,3.0
2024-05-18,QAM-51,2.60119252808328,0,3.0
2023-04-02,QAM-76,1.9851118388550548,0,2.0
2023-03-06,QAM-56,1.970033214554045,0,2.0
2024-04-22,QAM-67,2.004314603539481,0,2.0
2023-02-07,QAM-57,2.005323976682917,0,2.0
2023-02-07,CHE-93,2.0038252963884786,0,2.0
2023-04-28,QAM-21,2.0101203201344906,0,2.0
2024-04-19,CHE-110,2.0093532283844953,0,2.0
2023-04-10,LIN-124,1.9873716964583525,0,2.0
2023-02-12,QAM-70,2.0634515417945494,0,2.0
2023-01-21,CHE-94,1.9902455997590744,0,2.0
2023-06-09,CHE-105,2.004504785869408,0,2.0
2024-05-21,SP-129,1.9923027222501277,0,2.0
2023-06-13,QAM-19,1.7287016210812343,0,2.0
2023-11-25,QAM-35,1.9567283466642216,0,2.0
2024-02-27,QAM-67,2.0020868616463177,0,2.0
2024-05-22,QAM-37,1.9625719028238788,0,2.0
2025-06-03,QAM-23,1.8255866852533031,0,2.0
2023-10-03,CHE-96,1.9962946369801629,0,2.0
2024-06-11,QAM-68,1.998884698419097,0,2.0
2023-03-23,QAM-43,1.9754736737595198,0,2.0
2023-05-25,LIN-118,1.9923016305185453,0,2.0
2023-06-21,QAM-54,2.023698814587348,0,2.0
2024-06-10,QAM-78,1.979574702816064,0,2.0
2023-09-18,QAM-56,1.975201696582283,0,2.0
2024-10-06,QAM-88,1.9416053824547885,0,2.0
2023-06-26,QAM-28,2.0640063035318703,0,2.0
2024-05-15,QAM-6,1.7479862418704375,0,2.0
2024-08-27,QAM-20,2.021541336306073,0,2.0
2024-06-24,QAM-78,1.979574702816064,0,2.0
2025-04-20,CHE-90,2.0322938562942223,0,2.0
2025-03-20,QAM-85,1.8620385121182834,0,2.0
2023-05-26,SP-130,1.9996349201723804,0,2.0
2023-06-14,QAM-76,1.9735185798876578,0,2.0
2024-09-10,QAM-24,1.9802889544279016,0,2.0
2023-08-12,QAM-46,2.003401865877166,0,2.0
2024-08-04,LIN-128,2.0796665601654434,0,2.0
2023-11-24,CHE-98,2.291243685477029,0,3.0
2024-02-12,QAM-68,2.0027754719334,0,2.0
2023-01-26,QAM-48,2.0312170397885674,0,2.0
2023-04-20,CHE-106,1.8596396631635306,0,2.0
2024-06-17,SP-136,1.9222226874846102,0,2.0
2024-11-15,SP-135,2.010380565379873,0,2.0
2024-05-07,QAM-52,2.0278201709841155,0,2.0
2023-03-14,QAM-35,2.0572374194381684,0,2.0
2023-11-01,QAM-52,2.022078112857001,0,2.0
2024-07-05,SP-131,1.974137168909538,0,2.0
2023-09-01,QAM-57,1.9920499424042533,0,2.0
2025-01-28,SP-132,1.9771645897200347,0,2.0
2025-04-19,QAM-42,2.207953940814501,0,3.0
2025-05-05,QAM-34,1.9861425749134165,0,2.0
2023-06-17,CHE-97,2.035662448877811,0,2.0
2023-10-28,QAM-33,2.1160383960734377,0,3.0
2023-11-04,SP-131,1.9743292412590783,0,2.0
2025-04-18,QAM-37,1.992095111085536,0,2.0
2023-02-23,QAM-54,2.0285736568617345,0,2.0
2024-02-14,QAM-13,2.625066296501657,0,3.0
2024-04-04,QAM-69,2.035023334702725,0,2.0
2024-11-08,LIN-121,1.9912662300616482,0,2.0
2023-12-22,QAM-84,1.8980123671455293,0,2.0
2024-07-17,QAM-42,2.057114944392525,0,2.0
2025-06-03,QAM-85,1.860397950301479,0,2.0
2025-06-08,CHE-106,1.841709139366863,0,2.0
2024-09-21,LIN-119,1.9902777166642702,0,2.0
2023-05-01,QAM-47,2.0313113067295303,0,2.0
2024-06-20,QAM-58,1.9942742684987893,0,2.0
2025-04-15,QAM-22,2.1746625263432375,0,3.0
2023-10-23,QAM-45,1.9814617845109563,0,2.0
2023-01-02,QAM-78,1.9555890526080293,0,2.0
2025-05-06,QAM-60,2.015239578420968,0,2.0
2023-08-09,QAM-18,1.9981191673682404,0,2.0
2024-09-16,QAM-68,2.036602994773771,0,2.0
2024-08-10,QAM-12,2.0499268844767404,0,2.0
2024-12-19,QAM-17,1.9792457499635014,0,2.0
2023-06-22,CHE-90,2.019569545503579,0,2.0
2024-08-07,CHE-94,1.9756851367634989,0,2.0
2023-03-26,CHE-101,1.9577325710113465,0,2.0
2023-05-21,QAM-87,2.0241735996624906,0,2.0
2023-03-08,QAM-20,2.033866541076178,0,2.0
2023-04-29,QAM-82,1.963238468352075,0,2.0
2023-12-22,QAM-87,1.9797007761443342,0,2.0
2024-04-05,QAM-51,2.3176712169400044,0,3.0
2023-12-13,LIN-117,2.012652209201089,0,2.0
2023-09-20,CHE-94,2.011356420499931,0,2.0
2024-12-27,QAM-42,2.0588634986282606,0,2.0
2024-08-19,QAM-81,1.9668082531454543,0,2.0
2023-10-27,QAM-10,1.9519557919907515,0,2.0
2023-05-20,SP-129,1.954333790775099,0,2.0
2023-01-24,QAM-65,2.0005466450555165,0,2.0
2024-02-28,QAM-53,2.0698511862738225,0,2.0
2025-01-08,LIN-124,1.9977046700715513,0,2.0
2023-04-09,QAM-14,2.006345672064452,0,2.0
2023-09-13,QAM-16,2.133454514713751,0,3.0
2024-10-28,QAM-65,1.9313420748389143,0,2.0
2025-05-30,QAM-77,2.0185574761350655,0,2.0
2023-03-02,QAM-40,2.0071287403854483,0,2.0
2024-08-09,QAM-55,1.979620093701086,0,2.0
2025-04-16,QAM-25,2.0929633173673143,0,3.0
2023-05-24,QAM-17,1.9909779844104911,0,2.0
2024-08-09,QAM-75,1.976468355847131,0,2.0
2023-06-27,QAM-45,1.984400501427797,0,2.0
2025-03-12,CHE-96,1.9914802325944756,0,2.0
2025-03-20,QAM-58,2.00092246079657,0,2.0
2023-04-20,QAM-13,2.3330154363920776,0,3.0
2023-03-20,QAM-6,1.7448969410720574,0,2.0
2023-03-07,LIN-116,1.9519941929622682,0,2.0
2023-04-03,LIN-122,2.030155090185154,0,2.0
2024-04-19,QAM-40,2.004314603539481,0,2.0
2025-04-21,CHE-112,2.0028501928804965,0,2.0
2023-07-21,SP-130,1.9935210474569252,0,2.0
2023-10-26,CHE-93,1.9912154222481941,0,2.0
2023-07-27,QAM-64,2.068529186041522,0,2.0
2024-12-22,QAM-6,1.976042236314789,0,2.0
2023-06-30,QAM-38,2.126881090402132,0,3.0
2024-02-10,CHE-90,2.0431988322791765,0,2.0
2023-01-19,CHE-101,1.9967743884965998,0,2.0
2023-08-04,QAM-74,2.2190460214390253,0,3.0
2023-08-11,QAM-57,1.9894025341619455,0,2.0
2023-04-28,SP-129,1.9476599850469163,0,2.0
2024-08-14,CHE-98,2.627188563356758,0,3.0
2023-11-12,CHE-91,1.9803139206848273,0,2.0
2023-10-03,QAM-63,1.9765496024654732,0,2.0
2023-05-28,CHE-105,1.989061021189582,0,2.0
2024-08-19,QAM-13,2.5829768979657852,0,3.0
2024-02-07,CHE-89,1.9113974465624426,0,2.0
2023-02-06,CHE-105,2.0075154571350438,0,2.0
2024-10-11,SP-134,1.9834653658892178,0,2.0
2024-03-30,QAM-44,2.012266403594962,0,2.0
2023-01-04,QAM-44,2.0106093224141586,0,2.0
2023-09-11,QAM-54,1.9945814814202512,0,2.0
2024-04-06,QAM-31,2.039381254936687,0,2.0
2025-01-01,LIN-123,1.9857672139774172,0,2.0
2023-06-28,QAM-17,1.986110773239651,0,2.0
2023-04-05,QAM-47,2.0380373545260877,0,2.0
2023-11-08,QAM-65,1.9695766570459217,0,2.0
2023-01-02,QAM-15,2.004776848575273,0,2.0
2024-09-22,QAM-60,1.9850217640092667,0,2.0
2023-06-25,QAM-33,2.199844308356703,0,3.0
2024-06-21,QAM-36,2.0107426264486223,0,2.0
2024-02-16,QAM-88,1.8480390777520515,0,2.0
2024-11-23,LIN-119,1.9901850310375806,0,2.0
2025-04-08,QAM-18,2.0319307919259875,0,2.0
2023-12-19,SP-133,1.8857083418564893,0,2.0
2024-09-21,QAM-51,2.7045264466369696,0,3.0
2023-10-26,CHE-106,1.8550599107842556,0,2.0
2024-03-02,LIN-122,2.052423132404564,0,2.0
2024-07-01,QAM-3,1.9622631037417135,0,2.0
2024-08-19,CHE-110,1.9872350081591037,0,2.0
2024-08-09,QAM-86,1.9470075250849872,0,2.0
2024-06-03,QAM-34,1.9584782032774763,0,2.0
2024-03-30,QAM-46,2.0030660033939505,0,2.0
2024-05-13,QAM-83,2.0128394410232056,0,2.0
2025-02-15,QAM-59,1.9052483492948522,0,2.0
2024-04-28,QAM-82,1.9904335903032944,0,2.0
2023-11-24,QAM-16,2.133361829087062,0,3.0
2023-11-13,LIN-116,1.9767406506692577,0,2.0
2024-08-08,QAM-16,2.124987242029316,0,3.0
2024-10-08,QAM-46,1.9999931634533075,0,2.0
2025-06-11,QAM-41,1.8217483581510026,0,2.0
2024-02-04,QAM-69,2.026606563535345,0,2.0
2023-10-03,QAM-50,1.9391154923196483,0,2.0
2023-11-23,QAM-14,1.9858950806117608,0,2.0
2025-06-07,QAM-25,2.0665842554197846,0,2.0
2023-01-01,CHE-92,2.0132013019080333,0,2.0
2025-01-09,QAM-44,2.005686708777335,0,2.0
2024-10-18,CHE-101,1.9436489760588218,0,2.0
2025-05-18,QAM-11,2.0203857162080237,0,2.0
2024-04-21,QAM-50,1.8941163996789152,0,2.0
2023-06-21,CHE-105,2.004504785869408,0,2.0
2023-09-05,QAM-56,1.975201696582283,0,2.0
2024-09-12,LIN-122,2.016823279149895,0,2.0
2023-08-19,QAM-78,1.9812558924059258,0,2.0
2023-02-21,QAM-71,2.0047435309547725,0,2.0
2024-07-31,QAM-71,1.9930400976154243,0,2.0
2025-05-04,LIN-113,1.9961800056028167,0,2.0
2024-11-26,LIN-123,2.0000878527212245,0,2.0
2024-08-30,QAM-61,1.9885826697198183,0,2.0
2023-02-14,SP-131,1.9645400704741331,0,2.0
2025-05-04,SP-130,2.012525652917107,0,2.0
2023-02-10,QAM-6,1.8172946518819884,0,2.0
2024-11-03,CHE-105,2.0108679346121665,0,2.0
2023-08-15,LIN-116,1.9725486959017546,0,2.0
2024-08-17,QAM-75,1.976468355847131,0,2.0
2024-11-11,QAM-55,1.9798626401509012,0,2.0
2023-05-24,QAM-77,2.0091628656003198,0,2.0
2023-09-30,QAM-69,2.1783958798494916,0,3.0
2025-05-31,QAM-34,1.9861425749134165,0,2.0
2024-04-19,QAM-41,1.8956942569942195,0,2.0
2023-05-24,QAM-71,2.00446964211591,0,2.0
2023-11-28,QAM-79,1.9858950806117608,0,2.0
2024-03-17,SP-130,1.9779791031246847,0,2.0
2023-10-03,QAM-84,1.9260711513090578,0,2.0
2024-11-09,QAM-35,1.9659084822220942,0,2.0
2025-03-28,LIN-122,2.0728744524361833,0,2.0
2023-05-09,CHE-97,2.0402186841979852,0,2.0
2023-01-18,QAM-21,2.0130636297348716,0,2.0
2023-12-03,CHE-108,2.0039212822964063,0,2.0
2023-02-09,QAM-24,2.0198782491876597,0,2.0
2025-05-24,QAM-85,1.858858911472319,0,2.0
2025-02-20,QAM-88,1.9552774376671775,0,2.0
2024-02-01,CHE-94,2.004142283124489,0,2.0
2023-12-04,QAM-70,1.9635491437949855,0,2.0
2024-06-25,QAM-79,1.9927213445720837,0,2.0
2025-03-22,QAM-81,2.043836433648327,0,2.0
2024-08-10,QAM-19,1.9044625927995404,0,2.0
2023-09-06,QAM-46,1.9999870979536707,0,2.0
2024-11-15,SP-135,2.010380565379873,0,2.0
2023-03-27,QAM-57,2.001765611893828,0,2.0
2023-04-25,CHE-104,2.116027533107969,0,3.0
2024-07-31,QAM-57,1.9881900797674092,0,2.0
2023-12-17,LIN-126,2.0107961829004406,0,2.0
2025-04-24,SP-136,1.9335878419819894,0,2.0
2024-03-17,LIN-120,1.9259684521910176,0,2.0
2025-02-02,QAM-12,2.096123225480791,0,3.0
2023-04-27,LIN-123,1.9959392465030232,0,2.0
2023-11-22,SP-129,1.9796926502792738,0,2.0
2024-12-13,QAM-24,1.9644816052566427,0,2.0
2024-06-18,LIN-125,1.9807235160757506,0,2.0
2024-07-02,QAM-58,1.9897430036941148,0,2.0
2024-02-06,LIN-120,1.9113038008691634,0,2.0
2024-07-11,QAM-20,1.9961487463536636,0,2.0
2023-01-19,CHE-98,2.7080353505867083,0,3.0
2023-08-10,CHE-98,2.6880084277988847,0,3.0
2023-05-26,QAM-45,1.9892677125986373,0,2.0
2025-01-01,QAM-84,1.8685746842537088,0,2.0
2024-01-14,SP-135,1.9566623848012386,0,2.0
2023-07-10,CHE-108,1.972125938198617,0,2.0
2024-06-24,LIN-124,1.9775624878517837,0,2.0
2023-12-05,QAM-18,2.008453241874655,0,2.0
2023-01-13,CHE-108,2.002079484369136,0,2.0
2024-02-15,QAM-9,1.979114714712897,0,2.0
2024-05-30,CHE-100,1.977161643092231,0,2.0
2024-01-07,QAM-8,1.884159867366481,0,2.0
2023-04-07,QAM-5,2.025061756555957,0,2.0
2023-08-09,QAM-23,1.9013325873969564,0,2.0
2025-06-15,QAM-76,2.0042119014291075,0,2.0
2023-02-04,CHE-103,1.5395382549231729,0,2.0
2025-01-08,SP-135,2.0191902279491676,0,2.0
2023-09-09,CHE-108,1.9767142989180426,0,2.0
2023-05-08,CHE-110,1.995158249112909,0,2.0
2023-12-06,QAM-79,1.9754215786833527,0,2.0
2024-10-18,SP-135,2.01942223204654,0,2.0
2023-07-09,CHE-111,2.0142646859478552,0,2.0
2024-05-18,QAM-20,2.0055472223291786,0,2.0
2024-05-17,CHE-111,1.9733789765309977,0,2.0
2023-02-21,QAM-83,2.0205748619631985,0,2.0
2023-07-08,CHE-93,1.988297291341229,0,2.0
2024-11-04,SP-135,2.010380565379873,0,2.0
2024-02-12,LIN-123,1.9902339688182031,0,2.0
2024-08-01,QAM-38,2.073580762832456,0,2.0
2023-07-13,LIN-115,2.01028122275278,0,2.0
2024-10-08,QAM-70,1.9841213968497196,0,2.0
2023-09-22,LIN-120,1.8950502412870134,0,2.0
2023-02-02,QAM-13,2.644053411538256,0,3.0
2024-05-30,QAM-62,1.9971152799531586,0,2.0
2023-11-01,QAM-18,1.9896117138180553,0,2.0
2023-02-19,LIN-125,1.9930645620340983,0,2.0
2023-08-29,QAM-23,1.9013325873969564,0,2.0
2024-11-14,QAM-73,2.0744714113146916,0,2.0
2024-05-19,QAM-2,2.002709608374503,0,2.0
2024-06-10,QAM-68,1.998884698419097,0,2.0
2025-05-31,QAM-30,2.0423834583273566,0,2.0
2024-09-21,QAM-3,1.964547630478188,0,2.0
2024-09-15,QAM-70,2.0232954669079555,0,2.0
2025-02-09,CHE-94,2.0418486053469875,0,2.0
2024-11-12,QAM-76,1.9797342401030935,0,2.0
2025-02-12,QAM-44,2.011891092541139,0,2.0
2024-01-15,QAM-20,2.0397288827671063,0,2.0
2023-02-27,QAM-54,2.0285736568617345,0,2.0
2023-09-03,QAM-61,1.98598776623845,0,2.0
2024-01-31,SP-135,1.9566623848012386,0,2.0
2024-12-25,SP-129,2.021177826515873,0,2.0
2024-01-03,QAM-82,1.978220525510429,0,2.0
2024-12-20,QAM-60,1.9711033037268963,0,2.0
2025-01-19,QAM-13,2.421443370075471,0,3.0
2023-04-05,QAM-35,2.0225345338723586,0,2.0
2024-10-21,QAM-73,2.075390026883145,0,2.0
2023-10-14,QAM-38,2.1449572987919883,0,3.0
2025-06-18,QAM-55,1.9835092564731016,0,2.0
2023-08-26,QAM-5,1.9981186186534508,0,2.0
2023-07-26,LIN-114,2.039307270382626,0,2.0
2023-02-11,CHE-104,2.124593368354699,0,3.0
2023-04-24,SP-134,1.9629429703735932,0,2.0
2024-11-16,QAM-44,1.9954885227502137,0,2.0
2023-08-20,LIN-121,1.9129967927306177,0,2.0
2023-05-12,QAM-75,1.979933881823779,0,2.0
2025-05-27,SP-129,2.024252541114725,0,2.0
2023-05-14,QAM-66,1.97006597017837,0,2.0
2024-04-27,QAM-43,1.9700079595228202,0,2.0
2025-05-04,QAM-16,2.1174852217564024,0,3.0
2023-05-28,LIN-117,1.97242982019432,0,2.0
2024-07-29,CHE-100,1.977996570722469,0,2.0
2024-07-13,QAM-11,1.9881900797674092,0,2.0
2025-05-01,QAM-43,2.014093778073716,0,2.0
2024-06-04,QAM-36,2.0107426264486223,0,2.0
2024-11-08,QAM-15,1.9850814661696332,0,2.0
2024-09-22,QAM-41,1.7937432786023715,0,2.0
2023-02-17,QAM-54,2.0285736568617345,0,2.0
2025-02-03,QAM-52,2.035644846090884,0,2.0
2023-11-09,QAM-9,1.9662562670116734,0,2.0
2023-05-28,QAM-70,2.0777471893795276,0,2.0
2023-02-07,QAM-72,2.0005288570319264,0,2.0
2023-01-09,QAM-53,2.04424105261601,0,2.0
2023-02-21,CHE-104,2.124593368354699,0,3.0
2025-04-14,QAM-31,2.0539175458365695,0,2.0
2024-09-01,QAM-67,1.9851679017963229,0,2.0
2023-03-03,LIN-121,1.9856124520554577,0,2.0
2024-02-07,LIN-128,1.9784010419520244,0,2.0
2025-05-18,LIN-114,2.0028798877572203,0,2.0
2025-01-20,CHE-90,2.0398028147204057,0,2.0
2023-12-06,QAM-48,1.9959823057810906,0,2.0
2025-01-04,QAM-80,2.0197330628801593,0,2.0
2023-04-12,CHE-100,2.004168759413759,0,2.0
2024-12-08,QAM-76,1.9737840898230372,0,2.0
2024-08-20,QAM-59,1.8543086169584,0,2.0
2025-06-01,LIN-116,1.9468547523356663,0,2.0
2024-09-10,CHE-110,1.9920864274534082,0,2.0
2024-11-25,CHE-96,1.994556156969582,0,2.0
2023-02-19,QAM-72,2.0005288570319264,0,2.0
2023-08-27,QAM-80,2.02990185887051,0,2.0
2023-08-11,QAM-21,2.007043891420887,0,2.0
2024-03-19,QAM-83,2.0149854286491387,0,2.0
2024-12-26,QAM-65,1.9215976846147802,0,2.0
2024-07-11,QAM-56,1.9724040101112421,0,2.0
2023-09-20,CHE-101,1.9328057369800757,0,2.0
2024-01-04,LIN-128,2.0350500911598544,0,2.0
2024-03-09,QAM-34,1.9586873369867288,0,2.0
2023-06-18,LIN-121,1.934985728620325,0,2.0
2023-11-06,QAM-42,2.062819945236876,0,2.0
2024-01-04,QAM-13,2.602357388440096,0,3.0
2023-11-21,QAM-26,1.9249382252306715,0,2.0
2024-12-01,LIN-128,2.0942245484723667,0,3.0
2025-03-02,QAM-74,2.2151254622717556,0,3.0
2024-11-03,CHE-111,1.9627132238711915,0,2.0
2024-05-18,CHE-96,2.0102006808581594,0,2.0
2025-02-24,QAM-31,2.045895929795189,0,2.0
2023-12-24,CHE-112,2.028705223837501,0,2.0
2023-05-27,QAM-76,1.9783857910584979,0,2.0
2025-02-03,QAM-1,2.010945487821552,0,2.0
2023-08-26,QAM-50,1.952537663634713,0,2.0
2024-04-11,SP-135,1.9832606671318915,0,2.0
2024-06-15,LIN-118,1.9921033859966761,0,2.0
2024-01-23,QAM-38,2.115807268304813,0,3.0
2024-05-01,CHE-94,1.9927909525141851,0,2.0
2024-12-27,CHE-106,2.005245521286736,0,2.0
2024-04-23,CHE-91,1.983290618603825,0,2.0
2024-07-18,CHE-109,1.9737385046143165,0,2.0
2024-08-06,LIN-118,1.9810684730954748,0,2.0
2023-09-13,QAM-32,1.9823605703846585,0,2.0
2023-09-08,LIN-119,1.9879562880928416,0,2.0
2024-11-09,SP-130,1.9910335990525823,0,2.0
2024-01-27,QAM-76,2.002357152956813,0,2.0
2025-03-25,SP-130,1.9956140966256921,0,2.0
2025-05-26,CHE-89,1.9325027046419125,0,2.0
2023-09-19,QAM-71,1.990837784086465,0,2.0
2025-05-19,LIN-125,1.9911169184925765,0,2.0
2023-03-03,QAM-78,1.9679807047668478,0,2.0
2024-08-16,QAM-30,2.0237505781118457,0,2.0
2023-05-10,SP-130,1.9996349201723804,0,2.0
2024-07-17,LIN-127,2.00086825377042,0,2.0
2025-01-21,QAM-67,2.0096248946341797,0,2.0
2023-12-03,QAM-48,1.9959823057810906,0,2.0
2024-04-01,QAM-81,1.9933710836512768,0,2.0
2025-03-22,CHE-98,2.6795786658963605,0,3.0
2023-09-04,QAM-39,1.9345409504243896,0,2.0
2023-06-14,SP-129,1.9784766792581556,0,2.0
2024-07-03,CHE-111,1.9922336174228843,0,2.0
2024-03-22,CHE-102,1.9954520188329297,0,2.0
2025-06-14,QAM-69,2.132272071047749,0,3.0
2024-01-22,CHE-109,2.0143518275019447,0,2.0
2024-08-23,QAM-32,1.9819554738660268,0,2.0
2024-10-22,SP-132,2.0166949261820055,0,2.0
2023-01-04,QAM-40,2.0162281971129756,0,2.0
2025-02-14,QAM-20,2.0042499176752187,0,2.0
2024-09-29,QAM-62,1.9846946260065577,0,2.0
2023-02-18,QAM-14,2.0096208516829166,0,2.0
2023-03-07,QAM-69,2.015147102400741,0,2.0
2024-02-10,CHE-90,2.0431988322791765,0,2.0
2023-07-05,LIN-127,2.0062326556287244,0,2.0
2024-02-01,CHE-94,2.004142283124489,0,2.0
2023-02-15,QAM-21,2.014098624752955,0,2.0
2025-02-18,LIN-114,2.097461521360839,0,3.0
2023-03-17,QAM-67,2.001765611893828,0,2.0
2023-05-07,QAM-46,2.00792223467164,0,2.0
2025-03-30,QAM-34,1.9733223304877365,0,2.0
2023-04-23,LIN-114,2.0171540598507365,0,2.0
2025-05-02,CHE-89,1.9325027046419125,0,2.0
2024-09-11,QAM-3,1.964547630478188,0,2.0
2024-06-10,LIN-126,1.9832018233136979,0,2.0
2025-02-03,QAM-28,2.0126292122918636,0,2.0
2024-03-08,QAM-65,1.9505827864696843,0,2.0
2024-10-04,QAM-15,1.9860000817380867,0,2.0
2024-05-12,QAM-68,2.0037519095899374,0,2.0
2023-10-12,QAM-54,2.000407411362015,0,2.0
2024-02-22,QAM-73,2.224734659667044,0,3.0
2025-01-09,QAM-39,2.0144263812052676,0,2.0
2025-02-24,QAM-56,1.9942913065499162,0,2.0
2025-04-12,QAM-81,2.0565786607830434,0,2.0
2023-02-26,QAM-83,2.0205748619631985,0,2.0
2023-02-14,QAM-9,1.9973518297494959,0,2.0
2024-07-23,CHE-96,1.9963454375482264,0,2.0
2024-10-22,QAM-59,1.875195969452859,0,2.0
2023-09-13,QAM-7,2.0373921400604322,0,2.0
2023-01-09,LIN-127,2.003520104100749,0,2.0
2023-01-02,QAM-76,1.9947014108505547,0,2.0
2024-09-25,QAM-84,1.9344253569251664,0,2.0
2023-03-15,SP-132,2.020098169702876,0,2.0
2023-08-19,LIN-126,2.0004122646517533,0,2.0
2024-09-05,CHE-94,2.0005365560578037,0,2.0
2024-01-08,LIN-113,2.0101746407868344,0,2.0
2025-02-13,LIN-119,2.0057882103508717,0,2.0
2025-06-04,CHE-99,2.004318181158166,0,2.0
2025-02-06,QAM-58,1.997382202324689,0,2.0
2024-11-04,QAM-80,1.9947412075448652,0,2.0
2024-02-21,QAM-87,2.0266408370409135,0,2.0
2024-06-01,CHE-98,2.637123269856317,0,3.0
2023-01-24,SP-131,1.9582656623697892,0,2.0
2025-03-15,CHE-89,1.9438793316814342,0,2.0
2024-05-24,QAM-39,1.9550345970717204,0,2.0
2024-01-01,QAM-58,2.004180877511462,0,2.0
2024-05-25,QAM-4,1.9493636706936852,0,2.0
2024-11-18,QAM-27,1.9949167185807366,0,2.0
2023-08-24,QAM-39,1.9479557183478848,0,2.0
2023-08-29,QAM-47,2.024844216623581,0,2.0
2025-03-14,QAM-2,2.014490589501443,0,2.0
2024-08-24,CHE-95,1.9872350081591037,0,2.0
2024-03-20,LIN-120,1.9259684521910176,0,2.0
2024-10-15,LIN-123,2.0010064682896775,0,2.0
2025-02-25,QAM-14,2.0209424799285958,0,2.0
2024-02-18,CHE-96,2.0174490702919927,0,2.0
2023-06-12,QAM-55,1.9857898370783225,0,2.0
2024-08-13,CHE-107,2.03952424689991,0,2.0
2023-06-20,CHE-98,2.6991543383812875,0,3.0
2025-03-31,CHE-110,2.0085739937960483,0,2.0
2023-08-23,QAM-23,1.9013325873969564,0,2.0
2023-09-07,QAM-23,1.9365122895195441,0,2.0
2023-03-09,QAM-46,1.9950970719189214,0,2.0
2025-02-25,LIN-118,2.0041728005017756,0,2.0
2023-09-27,LIN-127,2.0096986818924822,0,2.0
2023-11-06,QAM-37,1.9708784276927156,0,2.0
2023-02-24,QAM-1,2.012980889464852,0,2.0
2023-06-10,QAM-22,2.1392722230547587,0,3.0
2025-01-16,QAM-34,1.9685776882520516,0,2.0
2023-02-27,QAM-53,2.0664216346437545,0,2.0
2024-04-22,QAM-86,1.949724753022297,0,2.0
2024-08-25,QAM-55,1.979620093701086,0,2.0
2023-12-29,QAM-18,2.008453241874655,0,2.0
2025-04-22,CHE-102,2.017183213044167,0,2.0
2025-04-14,QAM-66,2.001388801316582,0,2.0
2024-08-29,QAM-63,1.9883185760050772,0,2.0
2023-08-20,SP-131,1.9574329566374076,0,2.0
2025-01-15,QAM-30,2.0130507142085605,0,2.0
2024-07-07,SP-130,1.983458369736552,0,2.0
2025-03-18,SP-136,1.8881321846165569,0,2.0
2023-01-29,CHE-89,1.9982364784733602,0,2.0
2023-03-21,QAM-32,1.9914717493733696,0,2.0
2023-10-13,QAM-81,1.9867059462725165,0,2.0
2024-08-30,QAM-23,1.832939730254099,0,2.0
2024-05-19,QAM-80,2.0226967239889033,0,2.0
2025-01-11,CHE-101,2.045717816949954,0,2.0
2023-11-25,QAM-63,1.9756309868970197,0,2.0
2024-08-01,QAM-35,2.0194159357722787,0,2.0
2025-03-29,QAM-85,1.8620385121182834,0,2.0
2025-04-03,CHE-96,1.985658961578214,0,2.0
2023-04-02,SP-130,2.0096277811108645,0,2.0
2025-05-15,QAM-82,1.9482159455619905,0,2.0
2024-06-14,QAM-77,2.0091857970119023,0,2.0
2025-02-20,QAM-63,2.009210700496275,0,2.0
2023-07-11,SP-131,1.9732515707678422,0,2.0
2023-02-23,CHE-103,1.5395382549231729,0,2.0
2023-08-05,CHE-93,1.9874786772107942,0,2.0
2023-01-08,QAM-88,1.93625104541085,0,2.0
2023-04-19,QAM-28,2.069356545739491,0,2.0
2024-04-19,LIN-123,1.9864081779780522,0,2.0
2023-10-04,QAM-72,1.9870185765292236,0,2.0
2023-05-01,QAM-57,1.9996196242678947,0,2.0
2023-11-19,QAM-23,1.9364196038928545,0,2.0
2025-05-13,QAM-54,2.058635396386842,0,2.0
2023-05-21,QAM-20,2.0075782908541497,0,2.0
2023-12-26,CHE-99,2.0072836642434497,0,2.0
2024-01-22,QAM-65,1.9564761966855841,0,2.0
2023-10-09,QAM-80,2.0273130208887786,0,2.0
2024-02-06,QAM-56,1.976075759860678,0,2.0
2024-11-05,QAM-74,2.2506373190151665,0,3.0
2025-02-02,QAM-39,2.0144635500463663,0,2.0
2025-02-27,LIN-119,2.0057882103508717,0,2.0
2023-10-12,LIN-117,1.9795997831161805,0,2.0
2024-10-09,QAM-63,1.9757297380233458,0,2.0
2023-05-27,QAM-29,2.0329532936754986,0,2.0
2024-05-14,QAM-30,2.024846780708508,0,2.0
2024-11-28,QAM-17,1.9800280463583126,0,2.0
2023-05-25,CHE-99,1.9838653889878501,0,2.0
2023-09-07,QAM-30,2.0211556746304775,0,2.0
2024-11-10,CHE-99,1.979086401219323,0,2.0
2024-09-25,QAM-25,1.999076159866617,0,2.0
2024-01-02,QAM-23,1.8462368225080843,0,2.0
2024-11-14,QAM-53,2.0553497080498406,0,2.0
2023-04-04,QAM-62,2.005872396274687,0,2.0
2024-10-26,CHE-110,1.9954161976409484,0,2.0
2024-09-06,QAM-21,2.0028092590552644,0,2.0
2023-03-20,QAM-45,1.9914137002245698,0,2.0
2023-08-22,LIN-117,1.9742520814904612,0,2.0
2023-10-17,SP-130,1.9904937796765558,0,2.0
2025-01-17,QAM-13,2.421443370075471,0,3.0
2023-12-13,QAM-66,1.9458679245938277,0,2.0
2024-11-21,QAM-59,1.854277353884406,0,2.0
2024-06-08,CHE-99,2.0176947518093713,0,2.0
2024-06-24,QAM-83,2.0079722298523652,0,2.0
2024-01-27,QAM-47,2.045569636046392,0,2.0
2024-08-09,QAM-59,1.8543086169584,0,2.0
2023-07-07,QAM-17,1.9815795084349765,0,2.0
2024-10-19,CHE-92,1.9999725886183919,0,2.0
2025-05-13,QAM-28,2.032865339883063,0,2.0
2024-05-23,QAM-35,2.026755155128718,0,2.0
2025-01-30,QAM-17,2.000983254776776,0,2.0
2024-03-23,LIN-125,1.9926341002350625,0,2.0
2023-05-18,QAM-24,1.9997406768994739,0,2.0
2025-04-19,QAM-53,2.0974413470182713,0,3.0
2024-02-12,QAM-10,1.9784849471180603,0,2.0
2023-09-30,CHE-102,1.992501715944568,0,2.0
2023-04-22,QAM-62,2.005872396274687,0,2.0
2025-01-06,QAM-67,2.0096248946341797,0,2.0
2024-08-05,QAM-74,2.253226156996898,0,3.0
2023-01-21,LIN-117,1.9950834594565146,0,2.0
2023-01-13,LIN-120,2.0006784998040024,0,2.0
2023-07-27,QAM-82,1.9452496935528913,0,2.0
2023-09-03,QAM-71,1.990837784086465,0,2.0
2024-04-28,QAM-33,2.1955941635247473,0,3.0
2024-09-08,QAM-32,1.9815407059425314,0,2.0
2025-06-07,LIN-128,2.051830740278655,0,2.0
2025-05-17,LIN-128,2.081230638015954,0,2.0
2023-05-18,CHE-112,1.9831063979466501,0,2.0
2025-02-14,QAM-38,2.0159773431180397,0,2.0
2025-01-20,LIN-123,1.9857672139774172,0,2.0
2025-03-08,CHE-103,1.5622732326585316,0,2.0
2024-08-07,CHE-100,1.9783891606748782,0,2.0
2024-08-12,QAM-57,1.9885826697198183,0,2.0
2024-04-19,QAM-25,2.0691661569022144,0,2.0
2024-07-08,QAM-4,1.8999651947181702,0,2.0
2024-03-29,QAM-22,2.087558400810557,0,3.0
2023-05-04,QAM-4,1.9075018820757987,0,2.0
2023-12-25,SP-130,2.0178334309107293,0,2.0
2025-04-21,CHE-107,2.065880522038842,0,2.0
2024-04-25,LIN-123,1.9864081779780522,0,2.0
2024-07-16,QAM-84,1.93135306485017,0,2.0
2024-09-26,QAM-78,1.972021260040303,0,2.0
2023-04-06,QAM-32,2.0010518095439935,0,2.0
2024-11-19,QAM-75,1.9679609022969462,0,2.0
2023-06-12,QAM-55,1.9857898370783225,0,2.0
2023-06-17,QAM-53,2.0308602383105954,0,2.0
2024-09-18,QAM-10,1.9551016642735268,0,2.0
2023-01-26,CHE-90,2.0543942541769193,0,2.0
2023-04-19,CHE-89,2.0234680794802653,0,2.0
2024-06-23,CHE-108,1.9861521194216463,0,2.0
2023-07-16,QAM-17,1.9815795084349765,0,2.0
2024-11-19,QAM-25,2.032316807573261,0,2.0
2024-08-14,LIN-121,1.9118699454399777,0,2.0
2023-06-15,QAM-60,1.9946062753099982,0,2.0
2023-10-15,QAM-24,1.986934748811793,0,2.0
2024-12-19,QAM-38,2.13734134189351,0,3.0
2024-10-30,QAM-41,1.7895692085441355,0,2.0
2024-10-01,QAM-65,1.9313420748389143,0,2.0
2024-09-12,QAM-86,1.9435927571614917,0,2.0
2023-05-07,QAM-43,1.9766610194669203,0,2.0
2024-07-25,CHE-89,1.933953858596452,0,2.0
2024-09-03,QAM-35,1.9960011678487837,0,2.0
2023-08-20,QAM-42,2.108827398787061,0,3.0
2024-05-31,CHE-92,1.9905638815539004,0,2.0
2025-01-04,CHE-95,2.0110083667250236,0,2.0
2025-02-03,QAM-88,1.9552774376671775,0,2.0
2024-07-19,QAM-27,1.9980315821785126,0,2.0
2024-12-22,QAM-17,1.9792457499635014,0,2.0
2024-10-01,CHE-101,1.9436489760588218,0,2.0
2024-05-06,QAM-19,1.7377853270799297,0,2.0
2024-05-06,LIN-115,2.0021610029391645,0,2.0
2023-02-06,QAM-62,2.0048507008931513,0,2.0
2024-04-20,QAM-22,2.130555958212632,0,3.0
2024-06-29,QAM-85,1.8816479451560593,0,2.0
2025-02-19,QAM-7,2.0467024022199656,0,2.0
2024-07-22,QAM-25,2.013041633130143,0,2.0
2024-12-13,CHE-93,2.011687488761771,0,2.0
2023-05-20,QAM-57,1.9996196242678947,0,2.0
2023-06-08,CHE-110,2.0080336058325354,0,2.0
2024-07-31,QAM-45,1.9778381680981514,0,2.0
2023-07-26,QAM-79,1.9902211482923802,0,2.0
2025-06-01,QAM-6,1.7519992639786945,0,2.0
2024-06-27,QAM-41,1.8393154631803128,0,2.0
2023-09-01,LIN-115,1.9960329633022522,0,2.0
2023-07-21,SP-135,2.0350643309603758,0,2.0
2023-10-04,CHE-96,1.9962946369801629,0,2.0
2023-12-03,QAM-57,1.9754215786833527,0,2.0
2025-06-10,CHE-109,1.9749707710126987,0,2.0
2025-06-02,CHE-105,1.9940971466932313,0,2.0
2023-07-03,CHE-104,1.9939866998577365,0,2.0
2024-01-11,LIN-120,2.0030556089053344,0,2.0
2024-05-10,QAM-38,2.1247172330480013,0,3.0
2023-04-28,QAM-34,1.9752984656823243,0,2.0
2023-08-17,QAM-56,1.9786164645057784,0,2.0
2023-02-24,QAM-34,1.9742767703007886,0,2.0
2024-08-31,QAM-41,1.8709225386127273,0,2.0
2024-01-08,QAM-77,2.017171194917181,0,2.0
2024-09-11,QAM-23,1.8506194323766865,0,2.0
2023-11-06,QAM-71,1.9907450984597757,0,2.0
2024-11-23,QAM-15,1.9850814661696332,0,2.0
2024-11-03,QAM-26,1.9141183607885441,0,2.0
2025-03-14,LIN-125,2.00526909373607,0,2.0
2023-08-15,QAM-60,1.989256396374889,0,2.0
2023-05-18,LIN-127,1.9985917802021484,0,2.0
2024-09-28,QAM-88,1.9132794525130246,0,2.0
2024-04-13,QAM-52,2.034546218780673,0,2.0
2023-06-08,QAM-67,1.9947524130970546,0,2.0
2025-05-02,QAM-17,2.0117440763506202,0,2.0
2025-02-08,QAM-78,1.9706205302114008,0,2.0
2023-01-28,QAM-25,2.062001505705019,0,2.0
2023-09-13,SP-130,1.9871678497347918,0,2.0
2023-05-25,QAM-64,2.0762621995892916,0,2.0
2024-12-30,QAM-75,1.9591351276412654,0,2.0
2025-05-17,QAM-44,2.030799022788604,0,2.0
2024-06-17,LIN-126,1.9832018233136979,0,2.0
2025-03-05,QAM-79,2.014369536869864,0,2.0
2024-10-08,LIN-122,2.0176492090916587,0,2.0
2024-10-15,QAM-13,2.580388059984054,0,3.0
2024-01-18,LIN-119,2.022785751897945,0,2.0
2024-09-18,QAM-6,1.9798123449488076,0,2.0
2025-04-07,QAM-78,2.000620070081565,0,2.0
2024-11-30,LIN-113,1.9877961421486918,0,2.0
2024-05-24,CHE-97,2.018187615673014,0,2.0
2025-03-13,SP-131,1.9836289245498013,0,2.0
2024-06-17,QAM-77,2.0091857970119023,0,2.0
2024-05-20,QAM-68,2.0037519095899374,0,2.0
2024-04-15,QAM-52,2.034546218780673,0,2.0
2023-06-01,QAM-83,2.0100032983773364,0,2.0
2023-09-07,SP-130,1.9871678497347918,0,2.0
2024-06-22,QAM-75,1.973035602127968,0,2.0
2024-12-02,QAM-48,2.0259957746722965,0,2.0
2023-09-16,QAM-58,1.9875406901651556,0,2.0
2023-09-16,QAM-41,1.815421850030943,0,2.0
2025-03-29,SP-130,1.9956140966256921,0,2.0
2024-05-08,CHE-97,2.018187615673014,0,2.0
2024-09-22,QAM-79,1.9851679017963229,0,2.0
2024-01-13,CHE-102,2.009267465559959,0,2.0
2023-03-23,QAM-69,2.015147102400741,0,2.0
2024-10-23,QAM-26,1.9150369763569974,0,2.0
2023-05-01,QAM-56,1.9838335546117278,0,2.0
2023-04-25,QAM-63,2.0060815783497112,0,2.0
2023-12-31,QAM-26,1.9144647233022634,0,2.0
2024-01-27,SP-136,1.8709331334431432,0,2.0
2023-04-16,QAM-87,2.0308996474590475,0,2.0
2023-11-26,CHE-107,2.016780755313664,0,2.0
2025-01-02,QAM-78,1.9560171428244084,0,2.0
2023-12-29,QAM-40,1.9754215786833527,0,2.0
2024-06-12,QAM-35,2.0335546106245443,0,2.0
2024-04-22,LIN-128,2.011899897483337,0,2.0
2023-12-25,CHE-91,1.9791911338756512,0,2.0
2025-05-25,QAM-71,2.025235734056039,0,2.0
2023-12-09,LIN-113,2.0108809627727333,0,2.0
2024-07-06,SP-135,2.043926119578262,0,2.0
2023-12-08,QAM-13,2.619809356378654,0,3.0
2025-06-07,QAM-33,2.2068476260599046,0,3.0
2023-04-15,QAM-23,2.025766713515972,0,2.0
2023-03-10,SP-133,1.8642490725726202,0,2.0
2025-01-01,QAM-2,2.0097459472657584,0,2.0
2023-02-19,QAM-21,2.014098624752955,0,2.0
2023-12-22,CHE-100,2.0374321455545537,0,2.0
2024-08-26,QAM-47,2.026524352181454,0,2.0
2025-03-13,CHE-111,1.976245933028614,0,2.0
2023-12-15,CHE-111,2.0188388729327142,0,2.0
2024-07-06,QAM-11,1.9881900797674092,0,2.0
2024-11-14,CHE-102,1.9940930061215272,0,2.0
2024-06-15,QAM-29,2.0610225205353827,0,2.0
2023-05-24,QAM-19,1.7281497289382342,0,2.0
2023-07-05,QAM-10,1.9785784937655355,0,2.0
2023-06-13,CHE-97,2.035662448877811,0,2.0
2023-05-11,QAM-76,1.9783857910584979,0,2.0
2023-04-08,QAM-73,2.2287919196975814,0,3.0
2024-01-13,QAM-70,2.095755518696389,0,3.0
2024-11-13,CHE-109,1.9863936684801167,0,2.0
2024-08-17,QAM-51,2.7065723336871015,0,3.0
2023-11-04,QAM-18,1.9896117138180553,0,2.0
2024-05-21,QAM-16,2.082141343216432,0,2.0
2024-09-15,QAM-54,1.9937616169781238,0,2.0
2024-11-28,QAM-39,1.94702125749843,0,2.0
2025-05-05,CHE-103,1.4960163547761127,0,2.0
2023-05-20,QAM-65,1.9913012007020559,0,2.0
2023-03-15,QAM-9,1.9937934649604068,0,2.0
2023-04-03,QAM-67,2.006345672064452,0,2.0
2023-01-30,QAM-64,2.070602388064467,0,2.0
2025-01-09,QAM-20,2.003045533911415,0,2.0
2024-02-08,LIN-124,1.9872806429114636,0,2.0
2024-10-10,QAM-50,1.888295627877521,0,2.0
2023-11-07,CHE-97,2.0503547144683223,0,2.0
2023-01-11,QAM-25,2.062001505705019,0,2.0
2023-12-12,QAM-60,1.9702754408962964,0,2.0
2024-12-10,CHE-111,1.9896856751572534,0,2.0
2023-03-06,QAM-72,1.9969704922428375,0,2.0
2024-10-21,QAM-18,1.9897104649443815,0,2.0
2024-11-22,QAM-2,1.9901962688012123,0,2.0
2024-11-10,CHE-106,1.9212380974403416,0,2.0
2023-09-13,CHE-106,1.8826468072633824,0,2.0
2024-05-20,CHE-101,1.9920257197021556,0,2.0
2023-02-17,QAM-21,2.014098624752955,0,2.0
2024-09-21,QAM-46,2.0041672335115432,0,2.0
2024-09-25,QAM-81,1.9700601518886254,0,2.0
2025-04-25,QAM-28,2.03959138767962,0,2.0
2025-01-13,QAM-23,1.8290731665630764,0,2.0
2023-12-13,QAM-4,1.889398306537339,0,2.0
2023-07-10,LIN-125,1.9897008474063096,0,2.0
2024-04-25,QAM-2,2.00943565617106,0,2.0
2024-01-03,QAM-11,2.0076279535847563,0,2.0
2025-04-17,CHE-95,2.007782354035274,0,2.0
2023-12-12,QAM-10,1.949452563382779,0,2.0
2024-02-20,QAM-25,2.0327232987299815,0,2.0
2023-05-13,QAM-3,1.9636926482421995,0,2.0
2023-02-13,LIN-124,1.9899035338101314,0,2.0
2025-01-22,QAM-35,2.0661235532882185,0,2.0
2024-07-27,LIN-115,2.011468545032407,0,2.0
2023-12-04,LIN-114,2.0948477965672647,0,3.0
2024-08-02,CHE-91,1.979403199501026,0,2.0
2024-04-30,QAM-39,2.0034327227903557,0,2.0
2023-12-09,QAM-37,1.9354049257643076,0,2.0
2023-06-24,QAM-81,1.9842279965226908,0,2.0
2024-06-18,QAM-4,1.9444964595228449,0,2.0
2023-07-24,SP-136,1.9506066818451697,0,2.0
2023-03-27,CHE-111,1.9953358278401883,0,2.0
2025-02-21,LIN-117,1.989593302079674,0,2.0
2024-02-15,QAM-24,2.011641134151061,0,2.0
2023-10-15,QAM-62,1.9863404203904487,0,2.0
2025-04-30,SP-132,2.0170912265149123,0,2.0
2024-03-06,LIN-114,1.9777037112655484,0,2.0
2025-03-24,QAM-87,2.0370485122644597,0,2.0
2023-09-12,QAM-32,1.9823605703846585,0,2.0
2023-10-10,QAM-13,2.618207924426181,0,3.0
2025-04-30,LIN-122,2.068878703364663,0,2.0
2024-02-27,SP-131,1.9711548352824955,0,2.0
2024-01-21,SP-130,2.003535659511785,0,2.0
2023-10-28,CHE-106,1.8550599107842556,0,2.0
2025-03-29,QAM-36,2.074124854665321,0,2.0
2024-06-30,LIN-125,1.9807235160757506,0,2.0
2023-01-18,QAM-26,1.9365775187654901,0,2.0
2023-09-07,QAM-81,1.9758800163307526,0,2.0
2023-06-24,QAM-67,1.9947524130970546,0,2.0
2024-02-14,LIN-126,1.9847056926590918,0,2.0
2024-02-10,QAM-59,1.9222641766660546,0,2.0
2024-03-26,QAM-17,1.9910929035114533,0,2.0
2024-08-04,LIN-115,1.9996214756174198,0,2.0
2024-07-12,QAM-72,1.9833949601164187,0,2.0
2025-01-01,QAM-78,1.9560171428244084,0,2.0
2025-06-19,SP-130,2.0017264884200316,0,2.0
2025-02-18,CHE-91,1.9719123779299017,0,2.0
2023-02-16,CHE-91,1.9873031616974535,0,2.0
2023-11-03,QAM-40,1.9858950806117608,0,2.0
2024-06-30,QAM-88,1.9478534380176618,0,2.0
2024-03-20,QAM-27,2.0769331886371027,0,2.0
2024-09-08,QAM-47,2.0231095842579587,0,2.0
2025-03-10,CHE-108,2.000359958773143,0,2.0
2023-09-18,QAM-9,1.9680156193050293,0,2.0
2023-02-27,QAM-45,1.9949720650136589,0,2.0
2023-06-22,LIN-118,1.991444519001602,0,2.0
2024-07-20,QAM-79,1.9881900797674092,0,2.0
2025-01-28,QAM-88,1.9540730539033737,0,2.0
2023-02-05,CHE-94,2.012379398161088,0,2.0
2024-05-23,CHE-106,1.8475492135086693,0,2.0
2024-12-16,QAM-2,1.9813704941455317,0,2.0
2023-01-14,QAM-13,2.6213445034766947,0,3.0
2023-05-21,QAM-54,2.0328693044467125,0,2.0
2023-11-22,CHE-104,1.9959862151962482,0,2.0
2024-11-12,QAM-49,1.9850752161696334,0,2.0
2023-05-22,QAM-45,1.9892677125986373,0,2.0
2023-06-29,QAM-52,2.0249840283382468,0,2.0
2023-06-03,QAM-70,2.0728799782086873,0,2.0
2025-02-25,LIN-119,2.0057882103508717,0,2.0
2023-01-31,QAM-14,2.0151619436213553,0,2.0
2025-03-25,CHE-94,2.0422253222833815,0,2.0
2025-04-04,QAM-65,1.9706162571054084,0,2.0
2024-05-10,QAM-23,1.8456059379069503,0,2.0
2024-05-11,CHE-96,2.0102006808581594,0,2.0
2024-12-22,QAM-62,1.9757761657241872,0,2.0
2024-02-08,QAM-18,2.006905889567724,0,2.0
2025-04-23,QAM-58,2.0286646879312866,0,2.0
2025-05-12,QAM-82,1.9482159455619905,0,2.0
2023-12-02,QAM-88,1.835038283430046,0,2.0
2024-05-29,QAM-7,2.028992929564906,0,2.0
2024-04-03,QAM-22,2.130555958212632,0,3.0
2024-10-23,QAM-36,2.0041205617692825,0,2.0
2023-06-20,SP-133,1.9077336709947645,0,2.0
2025-06-10,LIN-123,1.9743288016782734,0,2.0
2024-07-04,QAM-41,1.8357934175515243,0,2.0
2025-02-16,QAM-5,2.0199889719120447,0,2.0
2023-11-19,QAM-43,1.9509907542023555,0,2.0
2023-01-10,QAM-21,2.0130636297348716,0,2.0
2024-02-23,LIN-114,2.079722696209676,0,2.0
2025-01-20,QAM-65,1.970973137735007,0,2.0
2024-11-27,QAM-66,1.9555215620801087,0,2.0
2024-08-02,QAM-33,2.0816497593140455,0,2.0
2024-04-13,QAM-87,2.028868578934077,0,2.0
2025-06-10,QAM-60,1.995586564269995,0,2.0
2024-08-23,QAM-43,1.9478376065855105,0,2.0
2023-07-18,QAM-21,2.0078625055513215,0,2.0
2025-02-03,QAM-65,1.9741775214988109,0,2.0
2024-08-08,QAM-59,1.8543086169584,0,2.0
2024-12-10,QAM-65,1.9215976846147802,0,2.0
2023-06-03,QAM-71,1.9996024309450697,0,2.0
2024-03-23,QAM-54,2.0453413664048172,0,2.0
2024-11-20,LIN-113,1.9877961421486918,0,2.0
2024-09-18,SP-136,1.9447807556367411,0,2.0
2023-10-18,CHE-110,1.9962360620830757,0,2.0
2024-02-19,QAM-2,2.0072079142778967,0,2.0
2024-03-31,LIN-114,1.9777037112655484,0,2.0
2023-07-03,QAM-81,1.979696731718016,0,2.0
2023-05-15,QAM-7,2.031023998089877,0,2.0
2023-07-05,QAM-26,1.9292642929112909,0,2.0
2025-02-15,QAM-56,1.9942913065499162,0,2.0
2023-08-04,QAM-24,1.9895235867935244,0,2.0
2023-12-22,LIN-117,2.012652209201089,0,2.0
2023-09-23,QAM-25,2.0098960243087443,0,2.0
2023-11-11,LIN-125,1.982359902329092,0,2.0
2023-05-05,QAM-35,2.0004528903203553,0,2.0
2024-06-26,QAM-73,2.21554099373974,0,3.0
2023-05-24,QAM-47,2.0313113067295303,0,2.0
2023-08-10,QAM-77,2.0008669866017637,0,2.0
2023-03-25,QAM-1,2.021524618735682,0,2.0
2024-08-29,QAM-84,1.9317456548025789,0,2.0
2024-04-14,QAM-86,1.949724753022297,0,2.0
2024-10-03,LIN-115,1.9990177602390904,0,2.0
2025-06-03,QAM-39,1.9481787433858477,0,2.0
2024-07-15,QAM-50,1.9229918759068434,0,2.0
2025-06-14,QAM-42,2.0674677360098284,0,2.0
2023-12-31,QAM-24,1.9636537424260427,0,2.0
2024-02-29,QAM-53,2.0698511862738225,0,2.0
2024-10-22,QAM-43,1.944422838662015,0,2.0
2024-01-18,QAM-3,1.9636088722959033,0,2.0
2024-06-26,QAM-33,2.195451451213846,0,3.0
2025-05-26,CHE-99,1.974649802791806,0,2.0
2024-11-21,QAM-54,1.9986689313514345,0,2.0
2024-08-17,QAM-32,1.9819554738660268,0,2.0
2024-08-09,QAM-88,1.8741942204365198,0,2.0
2024-01-05,QAM-1,2.0164909128783197,0,2.0
2024-06-11,QAM-53,2.062995836452291,0,2.0
2025-03-15,QAM-39,2.013487656120739,0,2.0
2023-05-25,QAM-75,1.979933881823779,0,2.0
2024-09-01,QAM-75,1.9680535879236356,0,2.0
2024-11-30,SP-133,1.8771270853139996,0,2.0
2024-07-15,QAM-68,1.9943534336144229,0,2.0
2023-02-01,QAM-62,2.0048507008931513,0,2.0
2024-12-02,QAM-4,1.9241190265107964,0,2.0
2025-01-13,QAM-43,2.0263692854916684,0,2.0
2025-01-02,QAM-56,1.993086922786112,0,2.0
2025-04-10,QAM-73,2.204490199847234,0,3.0
2025-06-12,QAM-47,2.013674384518687,0,2.0
2023-09-25,CHE-108,1.9767142989180426,0,2.0
2023-06-17,QAM-25,2.0596039664597883,0,2.0
2025-03-29,QAM-33,2.159346986223961,0,3.0
2023-01-30,LIN-113,2.008526698352169,0,2.0
2024-03-05,CHE-97,2.047771108909836,0,2.0
2023-02-20,QAM-26,1.9491285320902092,0,2.0
2024-04-20,QAM-63,2.00405050982474,0,2.0
2025-03-09,QAM-78,1.974160788683282,0,2.0
2024-10-23,LIN-124,2.0031442972454836,0,2.0
2023-04-07,LIN-125,1.9955327246823196,0,2.0
2024-06-13,CHE-106,1.8450857100180684,0,2.0
2024-01-18,QAM-39,2.022429440155845,0,2.0
2023-06-22,QAM-39,1.9413055972829942,0,2.0
2024-12-31,QAM-66,1.9466957874244277,0,2.0
2024-03-28,QAM-44,2.012266403594962,0,2.0
2023-11-10,QAM-40,1.9858950806117608,0,2.0
2024-10-14,SP-133,1.8701270853139993,0,2.0
2025-03-24,QAM-61,2.014369536869864,0,2.0
2023-08-11,LIN-116,1.9725486959017546,0,2.0
2024-11-08,QAM-52,2.0212582484148736,0,2.0
2024-10-07,SP-129,2.002014078850703,0,2.0
2024-07-09,SP-134,1.9983171438724576,0,2.0
2023-04-05,CHE-103,1.900753098725558,0,2.0
2024-06-19,QAM-6,1.7498220140032672,0,2.0
2023-10-11,QAM-85,1.8449143668224255,0,2.0
2025-03-31,QAM-3,1.998442560844169,0,2.0
2025-06-03,QAM-32,1.9821779699713757,0,2.0
2024-09-10,CHE-102,1.9916818515024408,0,2.0
2024-05-04,QAM-31,2.0326552071401296,0,2.0
2024-01-14,QAM-78,1.9523519375714304,0,2.0
2023-09-04,QAM-4,1.8999644940924367,0,2.0
2025-06-16,QAM-82,1.904896264744351,0,2.0
2024-10-02,LIN-127,2.0043460404056748,0,2.0
2024-11-03,LIN-119,1.9901850310375806,0,2.0
2024-10-29,QAM-3,1.965373560419952,0,2.0
2024-06-12,QAM-27,2.042562846983187,0,2.0
2024-07-04,QAM-83,2.003440965047691,0,2.0
2023-12-06,QAM-61,1.9754215786833527,0,2.0
2024-02-13,SP-130,1.9831400073583862,0,2.0
2023-10-29,QAM-28,2.0675732820106476,0,2.0
2024-01-23,QAM-16,2.048810862874433,0,2.0
2023-07-11,LIN-119,1.9902045475433696,0,2.0
2023-04-21,QAM-4,1.914227929872356,0,2.0
2024-07-29,LIN-128,2.081299343866145,0,2.0
2024-05-15,QAM-82,1.9442182914796253,0,2.0
2025-01-16,QAM-7,2.0641343820925253,0,2.0
2024-07-24,QAM-11,1.9881900797674092,0,2.0
2023-05-18,QAM-50,1.9077547537406623,0,2.0
2025-02-21,CHE-89,1.9507318258324609,0,2.0
2023-07-03,QAM-79,1.9902211482923802,0,2.0
2024-11-12,QAM-6,1.9797196593221182,0,2.0
2023-01-11,QAM-81,1.9999215487331512,0,2.0
2023-04-05,CHE-101,1.9649495026903505,0,2.0
2024-04-24,QAM-61,2.004314603539481,0,2.0
2025-02-12,LIN-120,1.9096917334338621,0,2.0
2024-03-21,QAM-79,1.9997345433688567,0,2.0
2024-06-11,CHE-94,1.9965680505273442,0,2.0
2023-12-12,QAM-51,2.68950950777461,0,3.0
2024-02-29,CHE-108,1.9980269196142506,0,2.0
2023-09-20,LIN-127,2.0096986818924822,0,2.0
2024-08-18,QAM-55,1.979620093701086,0,2.0
2024-10-15,QAM-52,2.022176863983327,0,2.0
2024-07-01,QAM-22,2.128098101107227,0,3.0
2023-05-11,QAM-48,2.025685881149393,0,2.0
2023-02-19,QAM-33,2.0810388582291703,0,2.0
2025-03-08,LIN-127,2.0024158444872207,0,2.0
2024-11-23,QAM-84,1.934332671298477,0,2.0
2024-10-17,QAM-84,1.9352512868669303,0,2.0
2024-10-25,CHE-105,2.002500835894906,0,2.0
2024-12-08,QAM-34,1.968100770265428,0,2.0
2024-12-02,QAM-15,1.9712556915139527,0,2.0
2023-03-23,LIN-118,1.9854878715224955,0,2.0
2024-01-12,QAM-80,2.012736121830736,0,2.0
2023-09-28,QAM-24,1.986108818870029,0,2.0
2024-05-25,QAM-60,1.9974424179558676,0,2.0
2024-11-01,QAM-50,1.9123770123090678,0,2.0
2024-09-14,QAM-58,1.9967208257230282,0,2.0
2023-07-20,QAM-66,1.9606674942028557,0,2.0
2024-07-25,QAM-17,1.9795484399100056,0,2.0
2023-04-04,CHE-90,2.041174613430437,0,2.0
2024-11-01,QAM-87,1.9958791915642289,0,2.0
2024-06-18,QAM-65,1.9610695876729114,0,2.0
2023-02-05,QAM-87,2.0098779520775123,0,2.0
2024-06-30,QAM-87,2.008525319966679,0,2.0
2024-08-04,LIN-124,1.9919715507437237,0,2.0
2023-10-19,QAM-49,1.9868136961802139,0,2.0
2023-01-06,LIN-116,1.941556175887564,0,2.0
2024-10-05,QAM-79,1.985993831738087,0,2.0
2025-02-07,QAM-82,2.036325702295757,0,2.0
2025-01-09,QAM-10,1.9860229801059222,0,2.0
2023-06-22,QAM-59,1.8604783603356365,0,2.0
2025-03-25,QAM-6,1.7501426820170007,0,2.0
2025-02-12,LIN-113,2.00351800833067,0,2.0
2023-12-02,LIN-123,2.014672673345266,0,2.0
2023-01-05,QAM-20,2.0429659978037056,0,2.0
2023-09-07,CHE-111,1.9994591072733414,0,2.0
2025-04-26,QAM-78,2.000620070081565,0,2.0
2024-03-19,QAM-10,1.971216888842012,0,2.0
2024-11-27,LIN-116,1.9521138033786176,0,2.0
2024-09-02,LIN-118,1.9796388277753814,0,2.0
2023-09-27,QAM-45,1.9806358545691924,0,2.0
2024-08-10,QAM-32,1.9819554738660268,0,2.0
2024-03-22,LIN-123,1.9839888979178353,0,2.0
2024-07-28,QAM-38,2.073188172880047,0,2.0
2023-05-29,QAM-72,1.9948245046169046,0,2.0
2024-02-06,QAM-80,2.0071950298922974,0,2.0
2024-11-01,QAM-43,1.9585042230935616,0,2.0
2023-11-01,QAM-75,1.9687807667390735,0,2.0
2023-04-13,QAM-50,1.9344808015372195,0,2.0
2024-07-09,CHE-90,2.002545024544405,0,2.0
2024-03-02,QAM-13,2.2287097818628867,0,3.0
2025-02-17,QAM-60,2.0049688548966413,0,2.0
2024-04-08,QAM-39,2.0034327227903557,0,2.0
2023-05-23,CHE-100,1.9979427116172022,0,2.0
2023-11-02,QAM-48,2.007080807709498,0,2.0
2023-03-26,QAM-62,2.001292336104062,0,2.0
2023-06-28,QAM-28,2.0640063035318703,0,2.0
2023-03-23,QAM-81,1.9908220920056234,0,2.0
2025-02-06,CHE-92,2.005212202232789,0,2.0
2025-02-11,QAM-18,2.01564830631939,0,2.0
2024-08-08,QAM-40,1.9885826697198183,0,2.0
2023-03-26,QAM-83,2.01701649717411,0,2.0
2023-12-20,QAM-72,1.9909272660756492,0,2.0
2025-05-30,QAM-62,2.0199124404182585,0,2.0
2024-07-03,QAM-11,1.9881900797674092,0,2.0
2024-04-05,QAM-71,2.0091646213874963,0,2.0
2024-07-09,QAM-15,1.9771018597213266,0,2.0
2025-05-22,QAM-24,2.015506768839603,0,2.0
2023-07-20,CHE-104,1.9939866998577365,0,2.0
2024-10-19,QAM-77,2.0024582841779055,0,2.0
2024-10-27,QAM-40,1.985993831738087,0,2.0
2023-01-31,CHE-93,2.0105336032496224,0,2.0
2025-06-03,CHE-89,1.9642798902379466,0,2.0
2024-05-02,QAM-81,1.9816450358547197,0,2.0
2023-09-29,CHE-102,1.992501715944568,0,2.0
2024-06-14,QAM-11,1.9927213445720837,0,2.0
2023-03-10,CHE-111,1.9953358278401883,0,2.0
2024-06-09,QAM-39,1.9401673859008803,0,2.0
2025-04-27,QAM-57,2.022268014004581,0,2.0
2023-08-19,LIN-115,2.0074626086223457,0,2.0
2024-10-28,QAM-8,1.9521578117719005,0,2.0
2023-06-17,QAM-41,1.914382245990998,0,2.0
2023-07-23,QAM-82,1.9452496935528913,0,2.0
2024-11-05,QAM-51,2.703607831068516,0,3.0
2024-06-12,QAM-19,1.7358372192229299,0,2.0
2023-03-22,QAM-29,2.018014586234059,0,2.0
2023-01-31,QAM-32,2.000571206100897,0,2.0
2023-07-31,QAM-75,1.9795354058482644,0,2.0
2023-06-10,QAM-64,2.0370199884184514,0,2.0
2023-08-01,QAM-69,2.0983592307689385,0,3.0
2024-05-29,QAM-77,2.0121317970753485,0,2.0
2023-07-07,CHE-100,2.0082220836918845,0,2.0
2023-02-01,QAM-49,2.005323976682917,0,2.0
2023-07-06,QAM-57,1.9902211482923802,0,2.0
2024-08-27,QAM-51,2.7065723336871015,0,3.0
2024-09-01,CHE-103,1.583755212902192,0,2.0
2025-05-03,QAM-64,2.0788357512068396,0,2.0
2023-07-25,LIN-128,2.080112021586518,0,2.0
2025-03-10,QAM-14,2.0201858634004766,0,2.0
2023-04-10,CHE-95,2.004264606897985,0,2.0
2023-04-19,QAM-20,2.013446601246802,0,2.0
2023-05-26,QAM-55,1.9906570482491626,0,2.0
2024-09-18,QAM-5,1.998883986287828,0,2.0
2025-03-11,QAM-2,2.014490589501443,0,2.0
2023-09-07,SP-135,2.037273309404046,0,2.0
2024-05-11,QAM-47,2.0330302382045593,0,2.0
2024-12-10,QAM-52,2.002580825407545,0,2.0
2024-09-26,QAM-18,1.9888845350026176,0,2.0
2024-04-03,LIN-120,1.9033877322512347,0,2.0
2024-01-19,QAM-78,1.9523519375714304,0,2.0
2024-09-22,CHE-94,2.0005365560578037,0,2.0
2024-07-19,QAM-16,2.0657144437435737,0,2.0
2023-07-04,LIN-120,1.8922985007375417,0,2.0
2023-05-16,CHE-110,1.995158249112909,0,2.0
2023-07-11,QAM-18,1.998937781498675,0,2.0
2025-03-17,QAM-88,1.8570260294723915,0,2.0
2023-09-11,QAM-13,2.617381994484417,0,3.0
2024-07-11,SP-135,2.043926119578262,0,2.0
2023-04-14,QAM-41,1.9480943731382379,0,2.0
2025-06-17,CHE-90,2.001763402053898,0,2.0
2023-05-13,QAM-1,2.0299235501082773,0,2.0
2024-09-17,QAM-83,1.9954187870766047,0,2.0
2023-09-09,LIN-113,1.9875156750660217,0,2.0
2023-06-25,LIN-127,1.9977346686852053,0,2.0
2024-05-20,QAM-77,2.0121317970753485,0,2.0
2023-11-17,SP-136,1.958565438909521,0,2.0
2023-01-09,CHE-103,1.5498840025426106,0,2.0
2025-03-27,QAM-78,1.974160788683282,0,2.0
2023-05-09,QAM-16,2.089172411741403,0,3.0
2023-12-16,QAM-24,1.9636537424260427,0,2.0
2023-09-19,QAM-80,2.0114870909470146,0,2.0
2024-06-16,CHE-94,1.9965680505273442,0,2.0
2023-06-09,CHE-91,1.9845394040120643,0,2.0
2024-09-14,QAM-24,1.9802889544279016,0,2.0
2024-06-08,QAM-88,1.9478534380176618,0,2.0
2024-11-01,QAM-62,1.984601940379868,0,2.0
2024-07-08,QAM-14,1.9881900797674092,0,2.0
2024-05-22,CHE-89,1.9517188532786025,0,2.0
2025-04-03,SP-132,2.0170912265149123,0,2.0
2023-05-08,LIN-117,1.97242982019432,0,2.0
2025-03-24,QAM-87,2.0370485122644597,0,2.0
2023-02-10,QAM-6,1.8172946518819884,0,2.0
2023-05-29,QAM-20,2.0075782908541497,0,2.0
2024-03-12,QAM-58,1.9862874672955622,0,2.0
2024-03-05,QAM-11,1.9997345433688567,0,2.0
2024-05-04,QAM-27,2.0674300581540273,0,2.0
2024-03-08,CHE-98,2.6791793696482045,0,3.0
2023-09-26,QAM-71,1.990837784086465,0,2.0
2025-05-31,QAM-61,2.0203857162080237,0,2.0
2023-04-05,CHE-107,2.055696108234886,0,2.0
2025-05-25,SP-136,1.936533175311236,0,2.0
2023-08-22,LIN-114,2.080988656252191,0,2.0
2024-04-10,CHE-93,1.9846981926557796,0,2.0
2023-09-19,LIN-117,1.9787738531744166,0,2.0
2024-08-16,QAM-4,1.9003577846705793,0,2.0
2023-05-11,SP-129,1.954333790775099,0,2.0
2023-06-21,QAM-56,1.9839663434408876,0,2.0
2025-05-29,SP-131,1.9955404808412167,0,2.0
2024-04-29,QAM-74,2.0957620866937456,0,3.0
2025-06-12,QAM-42,2.0674677360098284,0,2.0
2023-12-10,QAM-20,2.032695275254615,0,2.0
2024-09-09,QAM-26,1.9142110464152335,0,2.0
2025-01-15,CHE-90,2.0398028147204057,0,2.0
2023-10-22,QAM-86,1.935738551545383,0,2.0
2023-04-28,QAM-46,1.991662426207193,0,2.0
2024-06-08,QAM-75,1.973035602127968,0,2.0
2023-09-10,QAM-50,1.8932895623778843,0,2.0
2023-09-22,QAM-59,1.8351899039532227,0,2.0
2023-11-11,QAM-51,2.699500688211374,0,3.0
2024-10-12,CHE-109,1.98731228404857,0,2.0
2023-06-11,QAM-10,1.9831097585702102,0,2.0
2025-03-30,LIN-115,2.0130161357492073,0,2.0
2023-07-11,QAM-87,2.0060251236869755,0,2.0
2025-01-10,CHE-109,2.016972362035337,0,2.0
2024-04-06,QAM-76,1.993973627472941,0,2.0
2025-03-07,CHE-98,2.6795786658963605,0,3.0
2024-12-31,QAM-39,1.935695482842749,0,2.0
2024-06-18,QAM-14,1.9927213445720837,0,2.0
2024-02-20,QAM-29,2.0383358359865493,0,2.0
2023-04-19,QAM-51,2.578564074082862,0,3.0
2023-11-15,QAM-29,2.028862923241726,0,2.0
2025-01-26,LIN-120,1.977251987336418,0,2.0
2023-07-25,QAM-80,2.0307204730009447,0,2.0
2023-03-20,QAM-58,2.0033185358205334,0,2.0
2025-06-11,QAM-18,2.014301729978458,0,2.0
2023-03-13,QAM-36,2.0626952046624316,0,2.0
2023-04-21,CHE-104,2.116027533107969,0,3.0
2024-01-10,CHE-98,2.7010042820617377,0,3.0
2024-05-23,QAM-70,2.0857161208545567,0,3.0
2023-07-13,LIN-118,1.9847282202308352,0,2.0
2025-02-18,CHE-103,1.5092746609659693,0,2.0
2024-08-16,CHE-109,1.9741310945667256,0,2.0
2024-12-20,QAM-50,1.9035512376533867,0,2.0
2024-02-15,CHE-98,2.7011628796803944,0,3.0
2024-03-23,QAM-36,2.056556993280318,0,2.0
2024-02-27,LIN-113,1.994775591579004,0,2.0
2024-08-07,QAM-58,2.0001355936465237,0,2.0
2025-03-26,QAM-41,1.848175056814654,0,2.0
2024-05-16,CHE-101,1.9920257197021556,0,2.0
2024-10-24,CHE-100,1.9965703501567225,0,2.0
2024-04-28,CHE-98,2.329098079712983,0,3.0
2024-11-20,LIN-119,1.9901850310375806,0,2.0
2023-10-08,QAM-78,1.9636670544241943,0,2.0
2024-01-11,CHE-90,2.0499071391403203,0,2.0
2023-06-24,QAM-40,1.9947524130970546,0,2.0
2023-02-24,QAM-80,2.0204321449288964,0,2.0
2023-03-11,QAM-33,2.0796370196565066,0,2.0
2024-02-12,LIN-126,1.9847056926590918,0,2.0
2025-02-07,QAM-46,1.9861914670434169,0,2.0
2025-06-06,SP-132,2.0147992010793527,0,2.0
2024-01-03,QAM-67,2.0076279535847563,0,2.0
2024-05-31,CHE-96,2.0102006808581594,0,2.0
2024-02-06,CHE-94,2.004142283124489,0,2.0
2024-06-09,QAM-29,2.0610225205353827,0,2.0
2023-10-25,LIN-122,1.9972760563822987,0,2.0
2023-10-13,QAM-61,1.9868136961802139,0,2.0
2023-11-28,CHE-108,1.9850440691055824,0,2.0
2024-10-30,QAM-20,2.0189524983243414,0,2.0
2023-01-29,QAM-47,2.045056751082991,0,2.0
2024-09-25,QAM-5,1.998883986287828,0,2.0
2025-04-19,LIN-126,2.0117346450997764,0,2.0
2025-01-02,QAM-40,2.029457720095497,0,2.0
2023-02-14,LIN-124,1.9899035338101314,0,2.0
2023-08-26,LIN-121,1.9129967927306177,0,2.0
2023-01-09,CHE-93,2.0105336032496224,0,2.0
2024-01-20,QAM-64,2.079865273027868,0,2.0
2023-12-21,QAM-36,1.981822118238358,0,2.0
2024-05-22,QAM-68,2.0037519095899374,0,2.0
2024-01-19,QAM-3,1.9636088722959033,0,2.0
2024-07-07,QAM-29,2.049907922397374,0,2.0
2023-08-23,QAM-33,2.1435426164569025,0,3.0
2023-11-18,QAM-69,2.1896365275561354,0,3.0
2023-03-18,CHE-107,2.0366262353794116,0,2.0
2024-07-26,CHE-99,1.9811245326459623,0,2.0
2023-12-01,QAM-62,1.9749483028935872,0,2.0
2023-01-29,QAM-48,2.0312170397885674,0,2.0
2023-11-04,QAM-51,2.699500688211374,0,3.0
2024-01-28,QAM-10,1.9840260390564992,0,2.0
2025-04-18,QAM-70,2.1143858379513483,0,3.0
2023-10-15,LIN-116,1.9826592662377112,0,2.0
2023-07-13,QAM-65,1.948902724726541,0,2.0
2024-05-03,LIN-118,1.9929604975136193,0,2.0
2025-01-08,QAM-36,2.0586136620990554,0,2.0
2023-09-08,CHE-106,1.8826468072633824,0,2.0
2024-09-06,QAM-4,1.9030374867931668,0,2.0
2023-10-29,QAM-68,2.043248789157662,0,2.0
2024-12-07,CHE-106,2.005245521286736,0,2.0
2023-01-26,QAM-70,2.098992633732988,0,3.0
2025-03-09,QAM-18,2.0191885647912704,0,2.0
2025-05-26,QAM-82,1.9482159455619905,0,2.0
2025-05-17,QAM-82,1.9482159455619905,0,2.0
2024-06-17,QAM-59,1.8584472918106656,0,2.0
2023-10-22,QAM-11,1.9868136961802139,0,2.0
2025-03-28,QAM-20,2.0077901761470995,0,2.0
2024-01-30,CHE-104,2.1280645601792445,0,3.0
2024-03-18,LIN-123,1.9839888979178353,0,2.0
2024-01-12,CHE-102,2.009267465559959,0,2.0
2023-01-08,SP-129,1.957901374501543,0,2.0
2023-10-23,CHE-92,2.000792453060519,0,2.0
2023-06-26,CHE-111,1.9941871430691274,0,2.0
2023-05-03,QAM-6,1.7537362418704376,0,2.0
2024-03-30,LIN-120,1.9259684521910176,0,2.0
2024-03-26,QAM-44,2.012266403594962,0,2.0
2023-10-18,QAM-61,1.9868136961802139,0,2.0
2024-01-02,LIN-121,2.006370632158251,0,2.0
2023-12-13,QAM-73,2.055178720573973,0,2.0
2025-06-12,SP-135,2.0539112162357833,0,2.0
2025-01-10,QAM-64,2.0598060373910743,0,2.0
2023-06-13,QAM-15,1.9886641930509719,0,2.0
2024-09-29,QAM-38,2.0562281710747636,0,2.0
2023-02-25,QAM-23,2.0252946342241307,0,2.0
